Workbook

Sheet Inputs
A1: Parameter | B1: Value
A2: Applications | B2: 100
A3: Servers Per App | B3: 2
A4: Polling Interval Seconds | B4: 120
A5: Flag Updates Per Day | B5: 20
A6: Admin Reads Per Month | B6: 10000
A7: Runtime Reads Per Month | B7: 1000000
A8: AppConfig Free Requests | B8: 1000000
A9: API Gateway Free Requests | B9: 1000000
A10: Lambda Free Invocations | B10: 1000000
A11: CloudFront Free Requests | B11: 10000000
A12: AppConfig Cost per 1M | B12: 1
A13: API Gateway Cost per 1M | B13: 1
... A15: CloudFront Cost per 1M | B15: 0.75

Sheet Calculations
A1: Metric | B1: Value
A2: SDK Instances | B2: =Inputs!B2*Inputs!B3
A3: Requests Per Instance/Month | B3: =2592000/Inputs!B4
A4: Total Poll Requests | B4: =B2*B3
A5: Updates Per Month | B5: =Inputs!B5*30
A6: CDN AppConfig Reads | B6: =B4
A7: API AppConfig Reads | B7: =B3+Inputs!B6
A8: CDN CloudFront Requests | B8: =B3
A9: API Gateway Requests | B9: =B3

Sheet Cost Comparison
A1: Metric | B1: CDN Mode | C1: API Mode | D1: Cross Account
A2: AppConfig Requests | B2: =Calculations!B5 | C2: =Calculations!B6 | D2: Managed by Extension
A3: Billable AppConfig | B3: =MAX(0,B2-Inputs!B8) | C3: =MAX(0,C2-Inputs!B8) | D3: Usually 0
A4: AppConfig Cost | B4: =(B3/1000000)*Inputs!B12 | C4: =(C3/1000000)*Inputs!B12 | D4: Low
A5: API Gateway Requests | B5: 0 | C5: =Calculations!B8 | D5: 0
A6: API Gateway Cost | B6: 0 | C6: =MAX(0,C5-Inputs!B9)/1000000*Inputs!B13 | D6: 0
A7: Lambda Invocations | B7: =Calculations!B4 | C7: =Calculations!B8 | D7: Existing
A8: Lambda Cost | B8: =MAX(0,B7-Inputs!B10)/1000000*Inputs!B14 | C8: =MAX(0,C7-Inputs!B10)/1000000*Inputs!B14 | D8: 0
A9: CloudFront Requests | B9: =Calculations!B7 | C9: 0 | D9: 0
A10: CloudFront Cost | B10: =MAX(0,B9-Inputs!B11)/1000000*Inputs!B15 | C10: 0 | D10: 0
A11: Estimated Monthly Cost | B11: =SUM(B4,B6,B8,B10) | C11: =SUM(C4,C6,C8,C10) | D11: Minimal
A12: Estimated Annual Cost | B12: =B11*12 | C12: =C11*12 | D12: Minimal
